id,brand,type,model,imageurl,power,numberofpeople,capacityforbags,priceindollars,priceperkilometer,pricefordriverperday,numberofvehiclesavailable,description
f7e54e15-1327-45ce-9d96-4a98fbcd7fbc,Toyota,EV,Sienna EV,https://drive.google.com/file/d/1DHBM_g8i3lbGVujhPdLaN93uDCSB8h9L/view?usp=sharing,201,7,5,200,0.8,90,8,"The Toyota Sienna EV is an all-electric minivan that offers spacious seating and versatile cargo options. With its advanced features and smooth ride, it's perfect for family road trips and daily errands."
8abbfa2f-d726-4d6d-8029-e50f9335dee8,Toyota,EV,Supra EV,https://drive.google.com/file/d/1DHBM_g8i3lbGVujhPdLaN93uDCSB8h9L/view?usp=sharing,335,2,2,250,0.9,100,6,"The Toyota Supra EV is an all-electric sports car that offers exhilarating performance and sleek styling. With its powerful engine and agile handling, it's perfect for drivers who crave excitement behind the wheel."
08357fe8-fe10-46ea-9958-6af7289dd8c9,Toyota,EV,Prius EV,https://drive.google.com/file/d/1E-K01u0AH28W7aZVn00Lei16-f4xky5E/view?usp=sharing,120,5,3,160,0.65,70,5,"The Toyota Prius EV is an all-electric version of the iconic hybrid car that started the eco-revolution. With its efficient design and advanced technology, it's perfect for drivers who want to reduce their carbon footprint without sacrificing performance."
75acc1ad-2b77-4325-a429-8bbe0f895ced,Nissan,Car,Sunny,https://drive.google.com/file/d/1vOK-ZK-uLiQmpQEeuXdUgqz0r55Pi3ha/view?usp=sharing,100,5,2,60,0.25,25,5,"The Nissan Sunny is a reliable and spacious sedan suitable for family outings and city commutes. With its fuel-efficient engine and comfortable interior, it provides a smooth driving experience for passengers."
e86aa88b-f40c-4a74-812f-ec9b15383c94,Nissan,Car,Almera,https://drive.google.com/file/d/1fTnp81ADd2299F88SJezLxRhAaExHLd5/view?usp=sharing,110,5,3,65,0.27,28,3,The Nissan Almera is a versatile and stylish sedan designed for urban adventures and long drives. Its spacious cabin and advanced safety features make it an ideal choice for both solo travelers and families.
1cee310e-aa5b-420a-9779-615c1789f149,Nissan,Car,Micra,https://drive.google.com/file/d/15kUEtlpJX7RHDXpSqxcXMoQKsx8WeEhR/view?usp=sharing,90,4,2,55,0.22,20,4,The Nissan Micra is a compact and agile hatchback perfect for navigating crowded city streets with ease. Its fuel-efficient engine and nimble handling make it an excellent choice for urban commuters.
0b111fd3-76e1-43d0-a8da-d7d29adb57bc,Hyundai,Car,Elantra,https://drive.google.com/file/d/1L_lJAY5T9sAmytuz92q36Zj5VB1gjRtO/view?usp=sharing,147,5,4,220,0.8,100,7,"The Hyundai Elantra is a compact car that offers style, performance, and efficiency. With its spacious interior and advanced safety features, it's perfect for everyday commuting and weekend road trips."
258aa9af-31bb-4d07-b346-ed78c78c21df,Hyundai,Car,Sonata,https://drive.google.com/file/d/1o8D-KOxCXdIP8vcDTERA1ei9h0ue3t5M/view?usp=sharing,191,5,4,240,0.85,110,6,"The Hyundai Sonata is a midsize sedan that offers comfort, convenience, and performance. With its sleek design and advanced technology, it's perfect for both daily commuting and long-distance travel."
7e4ddb69-6b78-4e79-945c-e2d28a314fb8,Hyundai,Car,Accent,https://drive.google.com/file/d/14omP3HCaUVCeh1wicOlDEHelp0T5YjDf/view?usp=sharing,120,5,3,190,0.75,90,8,"The Hyundai Accent is a subcompact car that offers efficiency, reliability, and affordability. With its compact size and fuel-efficient engine, it's perfect for city driving and urban exploration."
85353cf9-c9d9-44d8-889a-4fc9726e9206,Hyundai,Car,Venue,https://drive.google.com/file/d/1mAbxYrqcfs4o_iP_KI2zUOVhTQfzcRID/view?usp=sharing,121,5,3,200,0.8,95,9,"The Hyundai Venue is a compact crossover that offers versatility, style, and performance. With its modern design and advanced technology, it's perfect for urban adventurers and weekend road trips."
19caf767-79f7-4762-a405-ce74a1dab402,Hyundai,Car,Ioniq Hybrid,https://drive.google.com/file/d/1-pF-NoNjzwP-iNGSD_Zz5OBQ5WQCTcGm/view?usp=sharing,139,5,4,230,0.85,105,7,"The Hyundai Ioniq Hybrid is a fuel-efficient car that offers eco-friendly driving and advanced technology. With its hybrid powertrain and spacious interior, it's perfect for drivers who want to reduce their carbon footprint without sacrificing performance."
1cc8d0b2-6f6a-4be9-845f-e0a6930d6e97,Hyundai,Car,Kona,https://drive.google.com/file/d/1k58zCFn7IYOxbuLWx26cJihFrejAM44E/view?usp=sharing,147,5,4,240,0.9,110,6,"The Hyundai Kona is a subcompact SUV that offers style, versatility, and performance. With its rugged design and advanced safety features, it's perfect for urban exploration and weekend adventures."
691c1ae4-7ec3-461f-b620-9cd523d8bf42,Hyundai,Car,Palisade,https://drive.google.com/file/d/1zPpu_XIiVGKWQea0MOORCxmautpVfloV/view?usp=sharing,291,8,6,300,0.95,120,5,"The Hyundai Palisade is a full-size SUV that offers luxury, comfort, and performance. With its spacious interior and premium features, it's perfect for family road trips and weekend getaways."
703cc049-a31d-44dd-b8ac-411931f4ea9c,Hyundai,Car,Tucson,https://drive.google.com/file/d/1Q2oif-uxFI6dPMtqsq1emGjPOY1KsEOQ/view?usp=sharing,187,5,4,250,0.9,115,7,"The Hyundai Tucson is a compact SUV that offers comfort, performance, and versatility. With its spacious cabin and advanced technology, it's perfect for both daily commuting and weekend adventures."
77c01bf4-a0e9-4a0f-bcf1-f2e8abeb7c78,Hyundai,Car,Santa Fe,https://drive.google.com/file/d/1ULaNAuqFXydJg4LdJeyNNulxlnhs3IPQ/view?usp=sharing,191,5,4,260,0.95,120,6,"The Hyundai Santa Fe is a midsize SUV that offers comfort, performance, and versatility. With its spacious interior and advanced safety features, it's perfect for family road trips and outdoor adventures."
c36f40e2-eba6-4039-8fa4-65c86ad0e5b7,Nissan,Car,Versa,https://drive.google.com/file/d/13V7odncaVrJxbO8qiMTur8m2JJxpE1Et/view?usp=sharing,95,5,2,58,0.24,22,6,"The Nissan Versa is a sleek and modern sedan offering exceptional fuel efficiency and ample cargo space. Whether you're running errands in the city or embarking on a road trip, the Versa delivers a comfortable and enjoyable ride."
ead06b8b-64a9-4e02-ac8b-2806430832dc,Nissan,Car,Altima,https://drive.google.com/file/d/1kV4OuWhXukFROFuYMN4p_0XrEjuvW-jk/view?usp=sharing,120,5,3,70,0.28,30,7,"The Nissan Altima combines performance, comfort, and style in one impressive package. With its powerful engine, spacious interior, and advanced technology features, the Altima is the perfect choice for discerning drivers seeking an elevated driving experience."
d2ee1274-1a7c-44a6-a117-d09a65035705,BMW,Car,3 Series,https://drive.google.com/file/d/1qDygQkizdUSv3IiqX8yWtbcfTy8_GYZu/view?usp=sharing,255,5,3,120,0.5,60,5,"The BMW 3 Series combines luxury and performance in a compact and stylish package. With its powerful engine and responsive handling, it delivers an exhilarating driving experience."
4451f51d-a87d-421f-bc43-c3f35e66c3d9,BMW,Car,5 Series,https://drive.google.com/file/d/1AkAzvO7lITpcfiMMlmS7qUVAjp47202H/view?usp=sharing,335,5,4,150,0.6,70,3,"The BMW 5 Series offers exceptional comfort, performance, and technology features. With its spacious interior and advanced driver assistance systems, it's the perfect choice for both business and leisure travel."
71eb2fdf-7f62-4b4e-a93c-c2d600c3ed8d,BMW,Car,7 Series,https://drive.google.com/file/d/1AvAVnLIPxSJ3ocVi0GHiwEmdTtTadi69/view?usp=sharing,456,5,4,200,0.7,80,2,"The BMW 7 Series sets the standard for luxury and performance in the full-size sedan segment. With its powerful engine and opulent interior, it offers a first-class driving experience."
13f58321-34a0-4722-9346-2c71f3871ff4,BMW,Car,X1,https://drive.google.com/file/d/11Iq0vJ2ZsnkKOcCbNxvOh8lggIa12lyW/view?usp=sharing,228,5,3,130,0.55,65,4,"The BMW X1 is a versatile and sporty compact SUV that offers ample cargo space and responsive handling. With its upscale interior and advanced technology features, it's perfect for urban adventures or long road trips."
6e770cfd-534f-4848-a2fe-8a0a12fc3ffa,BMW,Car,X3,https://drive.google.com/file/d/1EFsfZ8pYLdKZmLCmQuVfw11sOQLCJThK/view?usp=sharing,248,5,4,140,0.6,70,3,"The BMW X3 combines the versatility of an SUV with the luxury and performance of a BMW. With its spacious interior and robust engine options, it's the perfect vehicle for everyday use or weekend getaways."
7fbe7db8-200f-46df-87ec-dc35a0fa6a28,Volkswagen,Car,Golf,https://drive.google.com/file/d/1wOx4xdu29OD9Al2EwXFPkrRMkQp8xIgR/view?usp=sharing,147,5,3,100,0.4,50,7,The Volkswagen Golf is a versatile and reliable compact car known for its spacious interior and fuel-efficient engine.
944481d2-bfdf-4d21-b971-b7e3bee24f64,Volkswagen,Car,Passat,https://drive.google.com/file/d/154k9OwXilRJuVwRK9M1Z9sX9TQ-xpYLt/view?usp=sharing,174,5,4,120,0.45,60,6,"The Volkswagen Passat offers a comfortable ride, ample cargo space, and advanced technology features for a premium driving experience."
8c02f3f5-2903-4c9e-8a32-15d8784d88f1,Volkswagen,Car,Jetta,https://drive.google.com/file/d/1P-ydIWhTS3jjT0J6RLMTdvHd7zdt4ohv/view?usp=sharing,147,5,3,110,0.42,55,5,The Volkswagen Jetta is a stylish and fuel-efficient sedan that delivers a smooth and enjoyable driving experience.
eb5d8ade-c42c-4e58-8684-939b4f134634,Volkswagen,Car,Tiguan,https://drive.google.com/file/d/198kHWWxYn7t4SFOovdvMcw9WBb0rR0Um/view?usp=sharing,184,5,4,130,0.48,65,7,The Volkswagen Tiguan is a versatile and spacious SUV with comfortable seating and advanced safety features.
e22c8c39-1af8-4926-b44e-e857c906ff60,Volkswagen,Car,Arteon,https://drive.google.com/file/d/1Tf776jbuUw00Ju3lAW8hJUEzElW2ZxmW/view?usp=sharing,268,5,4,150,0.55,70,6,The Volkswagen Arteon is a premium sedan that combines elegant design with powerful performance and advanced technology.
5cb98770-b487-4bbb-b16d-3147cacf40f0,Volkswagen,Car,Beetle,https://drive.google.com/file/d/1pZK2OX2cgQSXgopjofirV9ByK_ZVKN6t/view?usp=sharing,174,4,2,90,0.35,45,5,The Volkswagen Beetle is an iconic compact car with retro styling and nimble handling.
fddfeb88-903e-4f0d-97ab-3269998da51c,Volkswagen,Car,Atlas,https://drive.google.com/file/d/1YuYgBCHeJSVwyM03upz5NKwja4V0_BTb/view?usp=sharing,276,7,5,160,0.6,75,8,The Volkswagen Atlas is a spacious and family-friendly SUV with seating for up to seven passengers and ample cargo space.
6a96c1f7-ffe8-467b-a2d4-8feab5587d93,Toyota,Car,Camry,https://drive.google.com/file/d/1FFWHslZSoNW25e0X-1qlvCqUz9XLzs2J/view?usp=sharing,203,5,4,160,0.65,75,8,"The Toyota Camry is a reliable and fuel-efficient sedan that offers spacious seating for up to five passengers and ample cargo space. With its smooth ride and advanced safety features, it's perfect for both daily commuting and long road trips."
85747f7b-e3bd-4bbd-b18c-ddb2796b8fe7,Toyota,Car,Corolla,https://drive.google.com/file/d/1rd3VPphs5rkCKpGMe3CtDF3_Xd_iClSL/view?usp=sharing,139,5,3,140,0.55,70,6,"The Toyota Corolla is a compact and fuel-efficient sedan that offers comfortable seating for up to five passengers and a smooth ride. With its reliable engine and affordable price, it's perfect for budget-conscious drivers."
7bb6b176-6422-4520-a32a-2de0f44b79c9,Toyota,Car,Prius,https://drive.google.com/file/d/1BpDxdqISASwDZi93Hnb6tnC_b1Vmj75n/view?usp=sharing,121,5,3,150,0.6,80,7,"The Toyota Prius is a popular hybrid car known for its exceptional fuel efficiency and eco-friendly design. With its spacious interior and advanced technology features, it's perfect for environmentally-conscious drivers who want to reduce their carbon footprint."
e76be004-0967-47f6-b1f9-042db1282092,Volkswagen,Van,Transporter,https://drive.google.com/file/d/1cQH4ETJXLJf4ael4hHO--qAPi1pgoJZM/view?usp=sharing,148,9,8,100,0.4,50,5,"The Volkswagen Transporter is a versatile and reliable van that offers ample space and comfortable seating for up to 9 passengers. With its efficient engine and spacious cargo area, it's perfect for family trips or commercial use."
0080656e-f57c-4fe6-99f0-1b150cf3cb4f,Volkswagen,Van,Crafter,https://drive.google.com/file/d/1CcfL_nqVjFe_ic8pdC-r03CGJlFqhVwF/view?usp=sharing,138,8,6,90,0.35,45,4,"The Volkswagen Crafter is a reliable and versatile van that offers spacious seating for up to 8 passengers. With its powerful engine and flexible cargo space, it's perfect for transporting passengers or goods."
12b38a24-b18b-42e3-98f2-8638dcbf2b9f,Volkswagen,Van,Multivan,https://drive.google.com/file/d/16QDDO1kVz2h3KH_gHvjTWgTIDL6Ac_Lt/view?usp=sharing,201,7,5,110,0.45,55,3,"The Volkswagen Multivan is a premium passenger van that offers luxurious amenities and spacious seating for up to 7 passengers. With its powerful engine and upscale interior, it's perfect for family vacations or corporate travel."
f5ea5560-9d2f-4f57-b4ce-c789c82c1279,Volkswagen,Van,California,https://drive.google.com/file/d/1SZeOt-yWUtJrFNuSVM0nBRPSDYZqtc6M/view?usp=sharing,174,4,4,120,0.5,60,2,"The Volkswagen California is an iconic camper van that offers freedom and adventure on the open road. With its versatile interior and comfortable sleeping accommodations for up to 4 people, it's the perfect vehicle for outdoor enthusiasts."
37f3961e-ce78-4853-a0d9-b0b591d8741c,Volkswagen,Van,Caravelle,https://drive.google.com/file/d/1YH6897ilpw0YIseNJQ6NNn7a-n6fuVos/view?usp=sharing,148,8,6,100,0.4,50,5,"The Volkswagen Caravelle is a versatile and spacious van that offers comfortable seating for up to 8 passengers. With its flexible seating arrangements and ample cargo space, it's perfect for family trips or transporting goods."
fb95d5b7-01d5-4584-9ac4-0708a0bb56cc,Hyundai,SUV,Santa Fe,https://drive.google.com/file/d/1e9UAzXg3oq5Y_4pQCG-ybI3mPCtbVpSI/view?usp=sharing,191,5,4,210,0.75,90,8,"The Hyundai Santa Fe is a versatile SUV that offers comfort, performance, and safety. With its spacious interior and advanced technology, it's perfect for family adventures and daily commutes."
58c52f02-27e7-44d3-a91d-c95390bf244d,Hyundai,SUV,Tucson,https://drive.google.com/file/d/1hjfMZxyTeUpT1ptLvXB6hiyUvIKKbMV9/view?usp=sharing,187,5,4,200,0.7,80,9,"The Hyundai Tucson is a compact SUV that offers style, performance, and versatility. With its modern design and advanced features, it's perfect for urban driving and outdoor adventures."
4511f3a5-f032-4d5d-beb6-45eb1eac56dc,Hyundai,SUV,Palisade,https://drive.google.com/file/d/12d9YL9qNQifa-0LZ-uDrgD13UNBI1TiR/view?usp=sharing,291,8,6,260,0.85,100,7,"The Hyundai Palisade is a full-size SUV that offers luxury, performance, and capability. With its spacious cabin and advanced technology, it's perfect for family road trips and daily commutes."
8602a8c6-5ad8-46c2-b28f-1bfc4117dd01,Hyundai,SUV,Kona,https://drive.google.com/file/d/1WQobVp8mf3udZZdRh5p-N1RZFHU_agqo/view?usp=sharing,147,5,3,190,0.7,80,8,"The Hyundai Kona is a subcompact SUV that offers agility, efficiency, and style. With its bold design and advanced features, it's perfect for urban adventures and weekend getaways."
e346c2ef-c152-4074-a4e4-8a87df0c5e27,Hyundai,SUV,Venue,https://drive.google.com/file/d/1eFcVoZ-Gc74u9bD-GC71igRiyZY8_pj1/view?usp=sharing,121,5,2,180,0.65,70,10,"The Hyundai Venue is a compact SUV that offers versatility, efficiency, and value. With its compact size and modern features, it's perfect for city driving and weekend adventures."
1808d150-37b6-4fd5-80e8-69743cc6381f,Hyundai,SUV,Nexo,https://drive.google.com/file/d/1oHQ3nNr4dvydkY7ZrNDSd9P_Yn-ltx8b/view?usp=sharing,161,5,4,250,0.8,90,6,"The Hyundai Nexo is a hydrogen fuel cell SUV that offers zero-emission driving and advanced technology. With its eco-friendly design and spacious cabin, it's perfect for drivers who want to reduce their carbon footprint."
32c5818e-07d0-45c2-b280-88657b7c8e9c,Hyundai,SUV,Ioniq 5,https://drive.google.com/file/d/12JSgSAF8P5t_cFHZhLuZnRZZA6LSI7mv/view?usp=sharing,225,5,4,230,0.75,85,7,"The Hyundai Ioniq 5 is an all-electric SUV that offers style, performance, and sustainability. With its futuristic design and long-range capabilities, it's perfect for eco-conscious drivers who want to make a statement."
ad5c9679-7204-4bf1-9511-66342a95f7f3,Hyundai,SUV,IONIQ 6,https://drive.google.com/file/d/1y2OubAV-avLbxactDsIyB6DrpomPYN94/view?usp=sharing,214,5,4,240,0.8,95,6,"The Hyundai Ioniq 6 is an all-electric sedan that offers performance, style, and efficiency. With its sleek design and advanced technology, it's perfect for drivers who want to embrace the future of mobility."
96647699-be1a-4fcd-9510-51185e9f8ef0,Hyundai,SUV,IONIQ 7,https://drive.google.com/file/d/1kLNQxq5QCNHF_W9660X3RohqV4112_9C/view?usp=sharing,300,7,5,270,0.9,100,5,"The Hyundai Ioniq 7 is a large SUV that offers space, comfort, and performance. With its three-row seating and advanced features, it's perfect for family road trips and outdoor adventures."
8c628e52-22b5-414e-87b7-26690a231d1c,Hyundai,SUV,IONIQ 9,https://drive.google.com/file/d/1I35WYUW6-paHNZvDCoLz_JB2gGKsIdaj/view?usp=sharing,350,8,6,300,1,120,4,"The Hyundai Ioniq 9 is a luxury SUV that offers space, comfort, and performance. With its premium design and advanced technology, it's perfect for drivers who demand the best."
d1bf2301-a3a0-4066-9c4e-3651f052b6f4,Toyota,SUV,RAV4,https://drive.google.com/file/d/15kXV2L1fzECd3bvbuoDfIU6FLPHZzzzW/view?usp=sharing,203,5,4,200,0.75,90,8,"The Toyota RAV4 is a compact SUV that offers a blend of versatility and reliability. With its spacious interior and advanced safety features, it's perfect for both city driving and outdoor adventures."
b128da59-fe3a-4dfa-afa0-33fc8c6b18a5,Toyota,SUV,Highlander,https://drive.google.com/file/d/1RTotgudbNMT6gxRvlshgh9nHwrlkONo3/view?usp=sharing,295,7,5,250,0.85,100,6,"The Toyota Highlander is a midsize SUV that offers comfort, convenience, and performance. With its spacious cabin and versatile seating options, it's perfect for family road trips and everyday use."
2757ddc5-522a-48ed-9e9d-6344d32e535d,Toyota,SUV,Land Cruiser,https://drive.google.com/file/d/1ijgKGwfQwVT0AnmcMaCJqYWWlsxO-Tt6/view?usp=sharing,381,8,6,300,0.9,120,5,"The Toyota Land Cruiser is a full-size SUV that offers legendary off-road capability and luxury features. With its powerful engine and rugged design, it's perfect for exploring the great outdoors in style and comfort."
174806be-c37c-4e85-9501-c3c944bb0c05,Toyota,SUV,Sequoia,https://drive.google.com/file/d/17kfUpiebiSl9cCrhwhbL7lU2YzKtNrm6/view?usp=sharing,381,8,6,280,0.85,110,7,"The Toyota Sequoia is a full-size SUV that offers impressive power, capability, and comfort. With its spacious interior and rugged design, it's perfect for family adventures and hauling heavy loads."
8b33df44-ecf4-473c-b96a-d48ca24c1321,Toyota,SUV,4Runner,https://drive.google.com/file/d/1yupwPEgEbHChlh7ewCQCVR-OX48Gv18-/view?usp=sharing,270,5,4,220,0.8,100,9,"The Toyota 4Runner is a rugged SUV that offers exceptional off-road capability and durability. With its versatile cargo space and advanced technology, it's perfect for outdoor enthusiasts and adventurous families."
e3444d52-9965-41d6-86a6-a7cd800a9176,Toyota,SUV,C-HR,https://drive.google.com/file/d/1Dk6bo_CFvREUsyysC5b-6QKD5CIUv7QQ/view?usp=sharing,144,5,3,190,0.7,80,8,"The Toyota C-HR is a stylish and compact SUV that offers sporty performance and modern design. With its agile handling and advanced safety features, it's perfect for urban driving and weekend getaways."
ea68b4dd-af4b-42a4-806e-79ad87fdbe2d,Toyota,SUV,Venza,https://drive.google.com/file/d/1h9fd-nfGzL8BH6NdSGDp7rr9GxjVoEJm/view?usp=sharing,219,5,4,210,0.75,90,7,"The Toyota Venza is a sleek and versatile SUV that offers hybrid efficiency and premium comfort. With its spacious cabin and refined styling, it's perfect for drivers who want to elevate their daily commute."
a5364980-b199-4c0a-9d31-785bf79985b7,Toyota,SUV,FJ Cruiser,https://drive.google.com/file/d/1BrPNh-TixB_0s6i0Rlw3OGzk7gYPTs_g/view?usp=sharing,260,5,4,230,0.8,100,6,"The Toyota FJ Cruiser is a rugged and capable SUV that offers off-road performance and adventure-ready features. With its iconic design and powerful engine, it's perfect for exploring the great outdoors with confidence."
62705974-e96e-4067-b6db-fb0b49c507f8,Toyota,SUV,Corolla Cross,https://drive.google.com/file/d/174LfMCAR_eS6sI2b-_hbepn99f-UiyhU/view?usp=sharing,169,5,3,200,0.75,90,8,"The Toyota Corolla Cross is a compact SUV that offers versatility, efficiency, and comfort. With its modern design and advanced technology, it's perfect for urban adventures and weekend road trips."
dfadee36-9863-49c5-a6f6-61f3bfe2da78,Toyota,SUV,Rush,https://drive.google.com/file/d/1R4AMO4C2kzJQ9v2xHNdRECRoDI1maljL/view?usp=sharing,102,7,3,180,0.7,80,9,"The Toyota Rush is a compact SUV that offers practicality, versatility, and style. With its spacious interior and efficient engine, it's perfect for families and adventurers who value comfort and convenience."
7befb52b-4b6e-43d5-a6ba-acc9258bac23,Volkswagen,SUV,Tiguan,https://drive.google.com/file/d/1BKRnDW5FVx9OqaZNxxTowF6UxhSdZ95I/view?usp=sharing,184,5,4,150,0.6,70,6,"The Volkswagen Tiguan is a versatile and spacious SUV that offers comfortable seating for five passengers and ample cargo space. With its smooth ride and fuel-efficient engine, it's perfect for both city driving and long road trips."
37a25d27-ae04-4ed3-b7b7-b4b68a45cb87,Volkswagen,SUV,Atlas,https://drive.google.com/file/d/1G1aMiOye3v-OPfJw5sIrXIdtH383nFch/view?usp=sharing,276,7,5,180,0.7,80,5,"The Volkswagen Atlas is a spacious and family-friendly SUV that offers seating for up to seven passengers and plenty of cargo space. With its powerful engine and advanced safety features, it's perfect for family road trips and daily commutes."
fc135289-3188-4f15-b989-5a30f8ba20d1,Volkswagen,SUV,Touareg,https://drive.google.com/file/d/14sKISnwal3j72i-47YYgrcc-VuKHqgHX/view?usp=sharing,286,5,4,200,0.8,90,7,"The Volkswagen Touareg is a luxurious and powerful SUV that offers exceptional performance and comfort. With its spacious interior and advanced technology features, it's perfect for both daily driving and long-distance travel."
628e89ff-bd24-422e-a124-7e2198170940,Volkswagen,SUV,ID.4,https://drive.google.com/file/d/1TdZrqNjVMRYcF7lIVRmKjZbPh6q2-U-D/view?usp=sharing,201,5,3,170,0.65,75,6,"The Volkswagen ID.4 is an all-electric SUV that offers zero-emission driving without sacrificing performance or comfort. With its spacious interior and cutting-edge features, it's perfect for environmentally-conscious drivers."
b8b209c9-7195-49cd-9371-ee8e835523c5,Volkswagen,SUV,Teramont,https://drive.google.com/file/d/1Zv7QTtL46Xx8VJg5vSaSJurghP0haLCU/view?usp=sharing,276,7,5,190,0.75,85,8,"The Volkswagen Teramont is a spacious and versatile SUV that offers seating for up to seven passengers and plenty of cargo space. With its powerful engine and advanced safety features, it's perfect for family adventures and daily drives."
0ea861a2-9b6c-4f63-b2d5-6000b406589e,Volkswagen,SUV,ID. Buzz,https://drive.google.com/file/d/1Z6ORAjiyqLfvnOcnOsrKGJepOcJ449jK/view?usp=sharing,201,5,3,180,0.7,80,7,"The Volkswagen ID. Buzz is a modern and stylish electric SUV that offers a blend of retro design and cutting-edge technology. With its spacious interior and eco-friendly powertrain, it's perfect for urban driving and weekend getaways."
9e85f939-9aba-41f8-8128-6b635c36c984,Volkswagen,SUV,T-Cross,https://drive.google.com/file/d/1iZAvwg6Dq_E7HPJgi-eG4AxWW1cbMcS6/view?usp=sharing,113,5,3,140,0.55,65,5,"The Volkswagen T-Cross is a compact and practical SUV that offers agile handling and modern features. With its versatile interior and fuel-efficient engine, it's perfect for city driving and weekend adventures."
08e13da7-c760-418c-a36e-4ee6b8755853,Volkswagen,SUV,ID. Crozz,https://drive.google.com/file/d/18394gxL4KuFPFFFRHc006RvHpeYlnZng/view?usp=sharing,302,5,4,200,0.8,90,6,"The Volkswagen ID. Crozz is an all-electric SUV that offers impressive performance and versatility. With its spacious interior and advanced technology features, it's perfect for eco-conscious drivers who demand both style and substance."
b36189f1-ab6d-4536-bb51-39a6a6584646,BMW,SUV,X5,https://drive.google.com/file/d/1X8wMeTub99hq-BS0A7v8HXceh7NMIgY5/view?usp=sharing,335,5,4,160,0.65,75,4,"The BMW X5 is a luxurious and versatile SUV that offers impressive performance and comfort. With its spacious cabin and advanced technology features, it's perfect for family road trips or daily commuting."
74696807-3573-40d1-8b2f-5f36c8d479a2,BMW,SUV,X6,https://drive.google.com/file/d/1O4LVLwex6S3IOzePL7eUtCBfgfipHOQV/view?usp=sharing,456,5,3,180,0.7,80,3,"The BMW X6 is a sleek and powerful SUV that combines sporty styling with premium features. With its dynamic performance and luxurious interior, it offers an exhilarating driving experience."
8a6fe82b-9cd6-4a41-abd2-20ac9a0f7af2,BMW,SUV,X7,https://drive.google.com/file/d/1pz4Xu_C8Nby5mLZfU43MveEXhn38Vn9X/view?usp=sharing,523,7,5,220,0.75,90,2,"The BMW X7 is a flagship luxury SUV that offers unparalleled comfort, performance, and technology features. With its spacious seating and upscale amenities, it's the ultimate choice for discerning drivers."
18abad9c-dcbb-44fa-8a74-485e8ed41c82,BMW,SUV,X2,https://drive.google.com/file/d/1L7opQvi95IdgDAia09yMcz4ydQOzgJ8m/view?usp=sharing,228,5,3,140,0.6,70,3,"The BMW X2 is a stylish and agile SUV that delivers sporty performance and premium features. With its compact size and versatile design, it's perfect for urban driving and weekend adventures."
e3215539-a7da-4a83-b3ff-f91221f0a8c0,BMW,SUV,X4,https://drive.google.com/file/d/1Z7wInnfebZx65KAlAEFWi7sdAMjaUL4h/view?usp=sharing,248,5,4,150,0.65,75,4,"The BMW X4 combines the versatility of an SUV with the dynamic performance of a sports car. With its sleek coupe-like design and powerful engine options, it's the perfect vehicle for drivers who demand both style and substance."
676733c2-9be6-42f4-affd-1ca032162d81,Toyota,EV,Prius Prime,https://drive.google.com/file/d/1stw4zUDc_s9L5O8S9ngGWriFi9j-dnaE/view?usp=sharing,121,5,3,160,0.65,70,6,"The Toyota Prius Prime is a plug-in hybrid electric vehicle (PHEV) that offers excellent fuel efficiency and a spacious interior. With its advanced technology and comfortable ride, it's perfect for eco-conscious drivers who want to reduce their carbon footprint."
e159b56a-92f3-4c59-a6b7-b1393bac877c,Toyota,EV,Mirai,https://drive.google.com/file/d/19XfXx7xCr4mYp6fWMT72T3R75BzvLl5u/view?usp=sharing,182,5,4,180,0.7,80,5,"The Toyota Mirai is a hydrogen fuel cell electric vehicle (FCEV) that offers zero-emission driving with a long range and quick refueling times. With its futuristic design and advanced features, it's perfect for drivers who want a clean and sustainable transportation option."
42ee806d-2a4c-4684-95da-d54f4bc59c66,Toyota,EV,C-HR EV,https://drive.google.com/file/d/1xr4WMqufeYymOqxN51WQT4zyQB1iW4Ev/view?usp=sharing,120,5,3,150,0.6,75,7,"The Toyota C-HR EV is a compact electric SUV that offers agile handling and impressive fuel efficiency. With its stylish design and spacious interior, it's perfect for urban driving and weekend adventures."
43e2eccf-0f61-4cdf-aae5-c823efd3c62d,Toyota,EV,e-Palette,https://drive.google.com/file/d/1JDdmIllO107wOzfca6GPWpNHwLwbOT1i/view?usp=sharing,150,6,5,200,0.8,90,8,"The Toyota e-Palette is a futuristic electric vehicle designed for autonomous transportation and mobile services. With its modular interior and customizable features, it's perfect for businesses and organizations looking for innovative mobility solutions."
4d80efdc-0e3a-4a84-b947-1116ee7cf006,Toyota,EV,RAV4 EV,https://drive.google.com/file/d/18BK2DkL5rnRWEPXgV1rJ8-FiRBy1BL-Q/view?usp=sharing,154,5,4,170,0.65,80,6,"The Toyota RAV4 EV is an all-electric SUV that offers excellent performance and versatility. With its spacious interior and advanced safety features, it's perfect for both daily driving and outdoor adventures."
0b86a030-4603-4f49-ab70-56595b55f99a,Toyota,EV,Corolla Cross EV,https://drive.google.com/file/d/1A3QRTiq-edeN4VeF3u6F9BG2VIrKYkom/view?usp=sharing,120,5,3,160,0.7,75,5,"The Toyota Corolla Cross EV is an electric crossover SUV that offers a blend of style, comfort, and efficiency. With its spacious interior and advanced technology features, it's perfect for urban commuters and small families."
3be9f616-bbbd-416f-92a6-6ba956961553,Toyota,EV,Yaris EV,https://drive.google.com/file/d/1ao3sSqZYixZVg4KEMSXnLsMSiD09U0An/view?usp=sharing,120,5,3,150,0.6,70,7,"The Toyota Yaris EV is an all-electric hatchback that offers agile handling and impressive fuel efficiency. With its compact size and nimble performance, it's perfect for city driving and daily commutes."
